CREATE DATABASE QLBH
USE QLBH

CREATE TABLE KHACHHANG
(
	MAKH CHAR(4) PRIMARY KEY,
	HOTEN NVARCHAR(40),
	DCHI NVARCHAR(60),
	SDT VARCHAR(11),
	NGSINH SMALLDATETIME,
	NGDK SMALLDATETIME,
	DOANHSO MONEY
)

CREATE TABLE NHANVIEN
(
	MANV CHAR(4) PRIMARY KEY,
	HOTEN NVARCHAR(40),
	SDT VARCHAR(15),
	NGVL SMALLDATETIME
)
CREATE TABLE SANPHAM
(
	MASP CHAR(4) PRIMARY KEY,
	TENSP NVARCHAR(40),
	DVT NVARCHAR(20),
	NUOCSX NVARCHAR(40),
	GIA MONEY
)
CREATE TABLE HOADON
(
	SOHD INT PRIMARY KEY,
	NGHD SMALLDATETIME,
	MAKH CHAR(4),
	MANV CHAR(4),
	TRIGIA MONEY
)
CREATE TABLE CTHD
(
	SOHD INT,
	MASP CHAR(4),
	SL INT,
	PRIMARY KEY(SOHD, MASP)
)

-----
ALTER TABLE HOADON ADD FOREIGN KEY (MAKH) REFERENCES KHACHHANG(MAKH)
ALTER TABLE HOADON ADD FOREIGN KEY (MANV) REFERENCES NHANVIEN(MANV)
ALTER TABLE CTHD ADD FOREIGN KEY (SOHD) REFERENCES HOADON(SOHD)
ALTER TABLE CTHD ADD FOREIGN KEY (MASP) REFERENCES SANPHAM(MASP)

--2.
ALTER TABLE SANPHAM 
ADD GHICHU NVARCHAR(20)
SELECT * FROM SANPHAM

ALTER TABLE KHACHHANG
ADD LOAIKH TINYINT

ALTER TABLE SANPHAM
DROP COLUMN GHICHU
--6.
SELECT * FROM KHACHHANG
ALTER TABLE KHACHHANG
ADD CHECK (LOAIKH IN ('VANG LAI', 'THUONG XUYEN', 'VIP'))
--7.
ALTER TABLE SANPHAM
ADD CHECK (DVT IN ('CAY', 'HOP', 'CAI', 'QUYEN', 'CHUC'))
--8.
ALTER TABLE SANPHAM
ADD CHECK (GIA > 500)
--9.
ALTER TABLE KHACHHANG
ADD CHECK (COUNT(CTHD)>1)
--10.
GO
CREATE TRIGGER TRG_10 ON KHACHHANG
FOR INSERT, UPDATE
AS 
BEGIN
	IF(EXISTS (SELECT * FROM INSERTED WHERE NGSINH > NGDK)) 
	BEGIN
		PRINT'ERROR'
		ROLLBACK TRANSACTION
	END
	ELSE 
		PRINT 'SUCCESS'
END
--11.
GO
CREATE TRIGGER TRG_11 ON HOADON
FOR INSERT, UPDATE
AS 
BEGIN
	DECLARE @NGHD SMALLDATETIME, @NGDK SMALLDATETIME, @MAKH CHAR(4)

	SELECT @NGHD = NGHD, @MAKH = MAKH
	FROM INSERTED

	SELECT @NGDK = NGDK
	FROM KHACHHANG
	WHERE @MAKH = MAKH

	IF(@NGDK > @NGHD)
	BEGIN
		PRINT 'ERROR'
		ROLLBACK TRAN
	END
	ELSE 
		PRINT 'SUCCESS'
END
--12.
GO
CREATE TRIGGER TRG_12 ON HOADON
FOR INSERT, UPDATE
AS
BEGIN
	DECLARE @NGHD SMALLDATETIME, @NGVL SMALLDATETIME, @MANV CHAR(4)

	SELECT @NGHD = NGHD, @MANV = MANV
	FROM INSERTED

	SELECT @NGVL = NGVL
	FROM NHANVIEN
	WHERE @MANV = MANV

	IF(@NGVL > @NGHD)
	BEGIN
		PRINT 'ERROR'
		ROLLBACK TRAN
	END
	ELSE 
		PRINT 'SUCCESS'
END
--13.
GO 
CREATE TRIGGER TRG_13 ON HOADON
FOR INSERT, UPDATE
AS 
BEGIN
	IF(SELECT COUNT(*) FROM INSERTED I, CTHD C WHERE I.SOHD = C.SOHD) < 1
	BEGIN
		PRINT 'ERROR'
		ROLLBACK TRAN
	END
	ELSE 
		PRINT 'SUCCESS'
END
--14.
GO 
CREATE TRIGGER TRG_14 ON HOADON
FOR INSERT, UPDATE
AS 
BEGIN
	DECLARE @TRIGIA MONEY, @TOTAL MONEY, @SOHD INT

	SELECT @TRIGIA = TRIGIA, @SOHD = SOHD
	FROM INSERTED

	SELECT @TOTAL = SL*GIA
	FROM CTHD C, SANPHAM S
	WHERE C.MASP = S.MASP AND @SOHD = C.SOHD

	IF(@TOTAL <> @TRIGIA)
	BEGIN
		PRINT 'ERROR'
		ROLLBACK TRAN
	END
	ELSE
		PRINT 'SUCCESS'
END
--15.
GO
CREATE TRIGGER TRG_15 ON KHACHHANG
FOR INSERT, UPDATE
AS 
BEGIN
	DECLARE @DOANHSO MONEY, @TOTAL MONEY, @MAKH CHAR(4)

	SELECT @DOANHSO = DOANHSO, @MAKH = MAKH
	FROM INSERTED

	SELECT @TOTAL = SUM(TRIGIA)
	FROM HOADON
	WHERE MAKH = @MAKH

	IF(@DOANHSO<>@TOTAL)
	BEGIN
		PRINT'ERROR'
		ROLLBACK TRAN
	END
	ELSE
		PRINT 'SUCCESS'
END

-----------------PART 2
--1.
SET DATEFORMAT DMY
INSERT INTO KHACHHANG VALUES ('KH01','Nguyen Van A','731 Tran Hung Dao, Q5, TpHCM','08823451','22/10/1960','22/07/2006',13060000)
INSERT INTO KHACHHANG VALUES ('KH02','Tran Ngoc Han','23/5 Nguyen Trai, Q5, TpHCM','0908256478','3/4/1974','30/07/2006',280000 )
INSERT INTO KHACHHANG VALUES ('KH03','Tran Ngoc Linh','45 Nguyen Canh Chan, Q1, TpHCM','0938776266','12/6/1980' ,'05/08/2006',3860000)
INSERT INTO KHACHHANG VALUES ('KH04','Tran Minh Long','50/34 Le Dai Hanh, Q10, TpHCM','0917325476','9/3/1965','02/10/2006',250000)
INSERT INTO KHACHHANG VALUES ('KH05','Le Nhat Minh','34 Truong Dinh, Q3, TpHCM','08246108','10/3/1950','28/10/2006',21000)
INSERT INTO KHACHHANG VALUES ('KH06','Le Hoai Thuong','227 Nguyen Van Cu, Q5, TpHCM','08631738','31/12/1981' ,'24/11/2006',915000)
INSERT INTO KHACHHANG VALUES ('KH07','Nguyen Van Tam','32/3 Tran Binh Trong, Q5, TpHCM','0916783565','6/4/1971','01/12/2006',12500)
INSERT INTO KHACHHANG VALUES ('KH08','Phan Thi Thanh','45/2 An Duong Vuong, Q5, TpHCM','0938435756','10/1/1971','13/12/2006',365000)
INSERT INTO KHACHHANG VALUES ('KH09','Le Ha Vinh','873 Le Hong Phong, Q5, TpHCM','08654763','3/9/1979' ,'14/01/2007',70000)
INSERT INTO KHACHHANG VALUES ('KH10','Ha Duy Lap','34/34B Nguyen Trai, Q1, TpHCM','08768904','2/5/1983' ,'16/01/2007',67500)
SELECT * FROM KHACHHANG
ALTER TABLE KHACHHANG DROP COLUMN LOAIKH
ALTER TABLE KHACHHANG DROP CONSTRAINT CK__KHACHHANG__LOAIK__3B75D760

INSERT INTO NHANVIEN VALUES('NV01','Nguyen Nhu Nhut','0927345678','13/4/2006')
INSERT INTO NHANVIEN VALUES('NV02','Le Thi Phi Yen','0987567390','21/4/2006')
INSERT INTO NHANVIEN VALUES('NV03','Nguyen Van B','0997047382','27/4/2006')
INSERT INTO NHANVIEN VALUES('NV04','Ngo Thanh Tuan','0913758498','24/6/2006')
INSERT INTO NHANVIEN VALUES('NV05','Nguyen Thi Truc Thanh','0918590387','20/7/2006')
SELECT * FROM NHANVIEN

INSERT INTO SANPHAM VALUES('BC01','But chi','cay','Singapore',3000)
INSERT INTO SANPHAM VALUES('BC02','But chi','cay','Singapore',5000)
INSERT INTO SANPHAM VALUES('BC03','But chi','cay','Viet Nam',3500)
INSERT INTO SANPHAM VALUES('BC04','But chi','hop','Viet Nam',30000)
INSERT INTO SANPHAM VALUES('BB01','But bi','cay','Viet Nam',5000)
INSERT INTO SANPHAM VALUES('BB02','But bi','cay','Trung Quoc',7000)
INSERT INTO SANPHAM VALUES('BB03','But bi','hop','Thai Lan',100000)
INSERT INTO SANPHAM VALUES('TV01','Tap 100 giay mong','quyen','Trung Quoc',2500)
INSERT INTO SANPHAM VALUES('TV02','Tap 200 giay mong','quyen','Trung Quoc',4500)
INSERT INTO SANPHAM VALUES('TV03','Tap 100 giay tot','quyen','Viet Nam',3000)
INSERT INTO SANPHAM VALUES('TV04','Tap 200 giay tot','quyen','Viet Nam',5500)
INSERT INTO SANPHAM VALUES('TV05','Tap 100 trang','chuc','Viet Nam',23000)
INSERT INTO SANPHAM VALUES('TV06','Tap 200 trang','chuc','Viet Nam',53000)
INSERT INTO SANPHAM VALUES('TV07','Tap 100 trang','chuc','Trung Quoc',34000)
INSERT INTO SANPHAM VALUES('ST01','So tay 500 trang','quyen','Trung Quoc',40000)
INSERT INTO SANPHAM VALUES('ST02','So tay loai 1','quyen','Viet Nam',55000)
INSERT INTO SANPHAM VALUES('ST03','So tay loai 2','quyen','Viet Nam',51000)
INSERT INTO SANPHAM VALUES('ST04','So tay','quyen','Thai Lan',55000)
INSERT INTO SANPHAM VALUES('ST05','So tay mong','quyen','Thai Lan',20000)
INSERT INTO SANPHAM VALUES('ST06','Phan viet bang','hop','Viet Nam',5000)
INSERT INTO SANPHAM VALUES('ST07','Phan khong bui','hop','Viet Nam',7000)
INSERT INTO SANPHAM VALUES('ST08','Bong bang','cai','Viet Nam',1000)
INSERT INTO SANPHAM VALUES('ST09','But long','cay','Viet Nam',5000)
INSERT INTO SANPHAM VALUES('ST10','But long','cay','Trung Quoc',7000)

INSERT INTO HOADON VALUES('1001','23/07/2006','KH01','NV01',320000)
INSERT INTO HOADON VALUES('1002','12/08/2006','KH01','NV02',840000)
INSERT INTO HOADON VALUES('1003','23/08/2006','KH02','NV01',100000)
INSERT INTO HOADON VALUES('1004','01/09/2006','KH02','NV01',180000)
INSERT INTO HOADON VALUES('1005','20/10/2006','KH01','NV02',3800000)
INSERT INTO HOADON VALUES('1006','16/10/2006','KH01','NV03',2430000)
INSERT INTO HOADON VALUES('1007','28/10/2006','KH03','NV03',510000)
INSERT INTO HOADON VALUES('1008','28/10/2006','KH01','NV03',440000)
INSERT INTO HOADON VALUES('1009','28/10/2006','KH03','NV04',200000)
INSERT INTO HOADON VALUES('1010','01/11/2006','KH01','NV01',5200000)
INSERT INTO HOADON VALUES('1011','04/11/2006','KH04','NV03',250000)
INSERT INTO HOADON VALUES('1012','30/11/2006','KH05','NV03',21000)
INSERT INTO HOADON VALUES('1013','12/12/2006','KH06','NV01',5000)
INSERT INTO HOADON VALUES('1014','31/12/2006','KH03','NV02',3150000)
INSERT INTO HOADON VALUES('1015','01/01/2007','KH06','NV01',910000)
INSERT INTO HOADON VALUES('1016','01/01/2007','KH07','NV02',12500)
INSERT INTO HOADON VALUES('1017','02/01/2007','KH08','NV03',35000)
INSERT INTO HOADON VALUES('1018','13/01/2007','KH08','NV03',330000)
INSERT INTO HOADON VALUES('1019','13/01/2007','KH01','NV03',30000)
INSERT INTO HOADON VALUES('1020','14/01/2007','KH09','NV04',70000)
INSERT INTO HOADON VALUES('1021','16/01/2007','KH10','NV03',67500)
INSERT INTO HOADON VALUES('1022','16/01/2007','NULL','NV03',7000)
INSERT INTO HOADON VALUES('1023','17/01/2007','NULL','NV01',330000)

INSERT INTO CTHD VALUES(1001,'TV02',10)
INSERT INTO CTHD VALUES(1001,'ST01',5)
INSERT INTO CTHD VALUES(1001,'BC01',5)
INSERT INTO CTHD VALUES(1001,'BC02',10)
INSERT INTO CTHD VALUES(1001,'ST08',10)
INSERT INTO CTHD VALUES(1002,'BC04',20)
INSERT INTO CTHD VALUES(1002,'BB01',20)
INSERT INTO CTHD VALUES(1002,'BB02',20)
INSERT INTO CTHD VALUES(1003,'BB03',10)
INSERT INTO CTHD VALUES(1004,'TV01',20)
INSERT INTO CTHD VALUES(1004,'TV02',10)
INSERT INTO CTHD VALUES(1004,'TV03',10)
INSERT INTO CTHD VALUES(1004,'TV04',10)
INSERT INTO CTHD VALUES(1005,'TV05',50)
INSERT INTO CTHD VALUES(1005,'TV06',50)
INSERT INTO CTHD VALUES(1006,'TV07',20)
INSERT INTO CTHD VALUES(1006,'ST01',30)
INSERT INTO CTHD VALUES(1006,'ST02',10)
INSERT INTO CTHD VALUES(1007,'ST03',10)
INSERT INTO CTHD VALUES(1008,'ST04',8)
INSERT INTO CTHD VALUES(1009,'ST05',10)
INSERT INTO CTHD VALUES(1010,'TV07',50)
INSERT INTO CTHD VALUES(1010,'ST07',50)
INSERT INTO CTHD VALUES(1010,'ST08',100)
INSERT INTO CTHD VALUES(1010,'ST04',50)
INSERT INTO CTHD VALUES(1010,'TV03',100)
INSERT INTO CTHD VALUES(1011,'ST06',50)
INSERT INTO CTHD VALUES(1012,'ST07',3)
INSERT INTO CTHD VALUES(1013,'ST08',5)
INSERT INTO CTHD VALUES(1014,'BC02',80)
INSERT INTO CTHD VALUES(1014,'BB02',100)
INSERT INTO CTHD VALUES(1014,'BC04',60)
INSERT INTO CTHD VALUES(1014,'BB01',50)
INSERT INTO CTHD VALUES(1015,'BB02',30)
INSERT INTO CTHD VALUES(1015,'BB03',7)
INSERT INTO CTHD VALUES(1016,'TV01',5)
INSERT INTO CTHD VALUES(1017,'TV02',1)
INSERT INTO CTHD VALUES(1017,'TV03',1)
INSERT INTO CTHD VALUES(1017,'TV04',5)
INSERT INTO CTHD VALUES(1018,'ST04',6)
INSERT INTO CTHD VALUES(1019,'ST05',1)
INSERT INTO CTHD VALUES(1019,'ST06',2)
INSERT INTO CTHD VALUES(1020,'ST07',10)
INSERT INTO CTHD VALUES(1021,'ST08',5)
INSERT INTO CTHD VALUES(1021,'TV01',7)
INSERT INTO CTHD VALUES(1021,'TV02',10)
INSERT INTO CTHD VALUES(1022,'ST07',1)
INSERT INTO CTHD VALUES(1023,'ST04',6)

--2.
SELECT * INTO SANPHAM1
FROM SANPHAM
SELECT * FROM SANPHAM1

SELECT * INTO KHACHHANG1
FROM KHACHHANG
SELECT * FROM KHACHHANG1
ALTER TABLE KHACHHANG1 ADD LOAIKH NVARCHAR(20)
--3.
UPDATE SANPHAM1
SET GIA = GIA*1.05
WHERE NUOCSX = 'Thai Lan'
--4.
UPDATE SANPHAM1
SET GIA = GIA*1.05
WHERE NUOCSX = 'Trung Quoc'
AND GIA <= 10000
--5.
UPDATE KHACHHANG1
SET LOAIKH = 'Vip'
WHERE (NGDK < '1/1/2007' AND DOANHSO >= 10000000) OR (NGDK >= '1/1/2007' AND DOANHSO >= 2000000)

----------PART 3
--1. In ra danh sách các sản phẩm (MASP,TENSP) do “Trung Quoc” sản xuất.
SELECT MASP, TENSP
FROM SANPHAM
WHERE NUOCSX = 'Trung Quoc'

--2. In ra danh sách các sản phẩm (MASP, TENSP) có đơn vị tính là “cay”, ”quyen”.
SELECT MASP, TENSP
FROM SANPHAM
WHERE DVT IN ('cay', 'quyen')

--3. In ra danh sách các sản phẩm (MASP,TENSP) có mã sản phẩm bắt đầu là “B” và kết thúc là “01”.
SELECT MASP, TENSP
FROM SANPHAM
WHERE MASP LIKE 'B%01'

--4. In ra danh sách các sản phẩm (MASP,TENSP) do “Trung Quốc” sản xuất có giá từ 30.000 đến 40.000.
SELECT MASP, TENSP
FROM SANPHAM
WHERE NUOCSX = 'Trung Quoc'
AND GIA BETWEEN 30000 AND 40000

--5. In ra danh sách các sản phẩm (MASP,TENSP) do “Trung Quoc” hoặc “Thai Lan” sản xuất có giá từ 30.000 đến 40.000.
SELECT MASP, TENSP
FROM SANPHAM
WHERE NUOCSX IN ('Trung Quoc', 'Thai Lan')
AND GIA BETWEEN 30000 AND 40000
--6. In ra các số hóa đơn, trị giá hóa đơn bán ra trong ngày 1/1/2007 và ngày 2/1/2007.
SELECT SOHD, TRIGIA
FROM HOADON
WHERE NGHD BETWEEN 1/1/2007 AND 2/1/2007

--7. In ra các số hóa đơn, trị giá hóa đơn trong tháng 1/2007, sắp xếp theo ngày tăng dần và trị giá của hóa đơn giảm dần
SELECT SOHD, TRIGIA
FROM HOADON
WHERE NGHD BETWEEN 1/1/2007 AND 31/1/2007
ORDER BY NGHD, TRIGIA DESC

--8. In ra danh sách các khách hàng (MAKH, HOTEN) đã mua hàng trong ngày 1/1/2007.
SELECT K.MAKH, HOTEN
FROM KHACHHANG K JOIN HOADON H ON K.MAKH = H.MAKH
WHERE NGHD = '1/1/2007'

--9. In ra số hóa đơn, trị giá các hóa đơn do nhân viên có tên “Nguyen Van B” lập trong ngày 28/10/2006.
SELECT SOHD, TRIGIA
FROM HOADON
WHERE MANV = (SELECT MANV FROM NHANVIEN WHERE HOTEN = 'Nguyen Van B')
AND NGHD = '28/10/2006'

--10. In ra danh sách các sản phẩm (MASP,TENSP) được khách hàng có tên “Nguyen Van A” mua trong tháng 10/2006.
SELECT S.MASP, TENSP
FROM SANPHAM S, CTHD
WHERE S.MASP = CTHD.MASP 
AND SOHD IN (
			SELECT SOHD 
			FROM HOADON H JOIN KHACHHANG K ON H.MAKH = K.MAKH
			WHERE HOTEN = 'Nguyen Van A'
			AND MONTH(NGHD) = 10 AND YEAR(NGHD) = 2006
)
--11. Tìm các số hóa đơn đã mua sản phẩm có mã số “BB01” hoặc “BB02”.
SELECT HD.SOHD
FROM HOADON HD JOIN CTHD ON HD.SOHD = CTHD.SOHD
WHERE MASP IN ('BB01', 'BB02')

--12. Tìm các số hóa đơn đã mua sản phẩm có mã số “BB01” hoặc “BB02”, mỗi sản phẩm mua với số lượng từ 10 đến 20.
SELECT HD.SOHD, MASP, SUM(SL) TONGSL
FROM HOADON HD JOIN CTHD ON HD.SOHD = CTHD.SOHD
WHERE MASP = 'BB01'
GROUP BY HD.SOHD, MASP
HAVING SUM(SL) BETWEEN 10 AND 20
UNION
SELECT HD.SOHD, MASP, SUM(SL) TONGSL
FROM HOADON HD JOIN CTHD ON HD.SOHD = CTHD.SOHD
WHERE MASP = 'BB02'
GROUP BY HD.SOHD, MASP
HAVING SUM(SL) BETWEEN 10 AND 20

--13. Tìm các số hóa đơn mua cùng lúc 2 sản phẩm có mã số “BB01” và “BB02”, mỗi sản phẩm mua với số lượng từ 10 đến 20.
SELECT HD.SOHD, MASP, SUM(SL) TONGSL
FROM HOADON HD JOIN CTHD ON HD.SOHD = CTHD.SOHD
WHERE MASP = 'BB01'
GROUP BY HD.SOHD, MASP
HAVING SUM(SL) BETWEEN 10 AND 20
INTERSECT
SELECT HD.SOHD, MASP, SUM(SL) TONGSL
FROM HOADON HD JOIN CTHD ON HD.SOHD = CTHD.SOHD
WHERE MASP = 'BB02'
GROUP BY HD.SOHD, MASP
HAVING SUM(SL) BETWEEN 10 AND 20

--14. In ra danh sách các sản phẩm (MASP,TENSP) do “Trung Quoc” sản xuất hoặc các sản phẩm được bán ra trong ngày 1/1/2007.
SELECT SP.MASP, TENSP
FROM (SANPHAM SP JOIN CTHD ON SP.MASP = CTHD.MASP) JOIN HOADON H ON H.SOHD = CTHD.SOHD
WHERE NUOCSX = 'Trung Quoc' AND NGHD = '1/1/2007'

--15. In ra danh sách các sản phẩm (MASP,TENSP) không bán được.
SELECT MASP, TENSP
FROM SANPHAM
EXCEPT
SELECT CTHD.MASP, TENSP
FROM SANPHAM JOIN CTHD ON SANPHAM.MASP = CTHD.MASP

--16. In ra danh sách các sản phẩm (MASP,TENSP) không bán được trong năm 2006.
SELECT MASP, TENSP
FROM SANPHAM
EXCEPT
SELECT CTHD.MASP, TENSP
FROM SANPHAM JOIN CTHD ON SANPHAM.MASP = CTHD.MASP
WHERE SOHD IN (SELECT SOHD FROM HOADON WHERE YEAR(NGHD) = 2006)

--17. In ra danh sách các sản phẩm (MASP,TENSP) do “Trung Quoc” sản xuất không bán được trong năm 2006.
SELECT MASP, TENSP
FROM SANPHAM
WHERE NUOCSX= 'Trung Quoc'
EXCEPT
SELECT CTHD.MASP, TENSP
FROM SANPHAM JOIN CTHD ON SANPHAM.MASP = CTHD.MASP
WHERE SOHD IN (SELECT SOHD FROM HOADON WHERE YEAR(NGHD) = 2006)
AND NUOCSX= 'Trung Quoc'

--18. Tìm số hóa đơn đã mua tất cả các sản phẩm do Singapore sản xuất.
SELECT HD.SOHD
FROM HOADON HD
WHERE NOT EXISTS (
			SELECT *
			FROM SANPHAM
			WHERE NUOCSX = 'Singapore'
)

--19. Tìm số hóa đơn trong năm 2006 đã mua ít nhất tất cả các sản phẩm do Singapore sản xuất.
SELECT TOP 1 SOHD
FROM HOADON
WHERE YEAR(NGHD) = 2006 
AND NOT EXISTS(
			SELECT * 
			FROM SANPHAM
			WHERE NUOCSX = 'Sigapore'
			AND NOT EXISTS (
						SELECT *
						FROM CTHD
						WHERE CTHD.MASP = SANPHAM.MASP AND CTHD.SOHD = HOADON.SOHD
			)
)
GROUP BY SOHD
ORDER BY COUNT(SOHD) 

--20. Có bao nhiêu hóa đơn không phải của khách hàng đăng ký thành viên mua?
SELECT COUNT(SOHD) SL
FROM HOADON HD JOIN KHACHHANG KH ON HD.MAKH = KH.MAKH
WHERE NGDK LIKE NULL

--21. Có bao nhiêu sản phẩm khác nhau được bán ra trong năm 2006.
SELECT COUNT(DISTINCT MASP) SL
FROM HOADON JOIN CTHD ON HOADON.SOHD = CTHD.SOHD
WHERE YEAR(NGHD) = 2006

--22. Cho biết trị giá hóa đơn cao nhất, thấp nhất là bao nhiêu ?
SELECT MAX(TRIGIA) MAXTG, MIN(TRIGIA) MINTRIGIA
FROM HOADON

--23. Trị giá trung bình của tất cả các hóa đơn được bán ra trong năm 2006 là bao nhiêu?
SELECT AVG(TRIGIA)
FROM HOADON
WHERE YEAR(NGHD) = 2006

--24. Tính doanh thu bán hàng trong năm 2006.
SELECT SUM(TRIGIA) DOANHTHU
FROM HOADON
WHERE YEAR(NGHD) = 2006

--25. Tìm số hóa đơn có trị giá cao nhất trong năm 2006.
SELECT TRIGIA
FROM HOADON
WHERE YEAR(NGHD) = 2006
GROUP BY TRIGIA
HAVING TRIGIA >= ALL(
			SELECT TRIGIA
			FROM HOADON
			WHERE YEAR(NGHD) = 2006)

SELECT TOP 1 TRIGIA
FROM HOADON
WHERE YEAR(NGHD) = 2006
ORDER BY TRIGIA DESC

SELECT TRIGIA
FROM HOADON H1
WHERE YEAR(NGHD) = 2006
AND 1 > (SELECT COUNT(TRIGIA) FROM HOADON H2 WHERE H1.TRIGIA < H2.TRIGIA)

--26. Tìm họ tên khách hàng đã mua hóa đơn có trị giá cao nhất trong năm 2006.
SELECT HOTEN, TRIGIA
FROM KHACHHANG K JOIN HOADON H ON K.MAKH = H.MAKH
WHERE YEAR(NGHD) = 2006
GROUP BY HOTEN, TRIGIA
HAVING TRIGIA = (SELECT MAX(TRIGIA) FROM HOADON WHERE YEAR(NGHD) = 2006)

--27. In ra danh sách 3 khách hàng (MAKH, HOTEN) có doanh số cao nhất.
SELECT TOP 3 WITH TIES K.MAKH, HOTEN
FROM KHACHHANG K
WHERE DOANHSO IN (SELECT MAX(DOANHSO) FROM KHACHHANG)
ORDER BY DOANHSO DESC

--28. In ra danh sách các sản phẩm (MASP, TENSP) có giá bán bằng 1 trong 3 mức giá cao nhất.
SELECT SP.MASP, TENSP
FROM SANPHAM SP
WHERE GIA IN (SELECT DISTINCT TOP 3 WITH TIES GIA FROM SANPHAM ORDER BY GIA DESC)

--29. In ra danh sách các sản phẩm (MASP, TENSP) do “Thai Lan” sản xuất có giá bằng 1 trong 3 mức
--giá cao nhất (của tất cả các sản phẩm).
SELECT SP.MASP, TENSP
FROM SANPHAM SP
WHERE NUOCSX = 'Thai Lan'
AND GIA IN (SELECT DISTINCT TOP 3 WITH TIES GIA FROM SANPHAM ORDER BY GIA DESC)

--30.In ra danh sách các sản phẩm (MASP, TENSP) do “Trung Quoc” sản xuất có giá bằng 1 trong 3 mức
--giá cao nhất (của sản phẩm do “Trung Quoc” sản xuất).
SELECT SP.MASP, TENSP, GIA
FROM SANPHAM SP
WHERE NUOCSX = 'Trung Quoc'
AND GIA IN (SELECT DISTINCT TOP 3 WITH TIES GIA
			FROM SANPHAM SP2
			WHERE NUOCSX = 'Trung Quoc' 
			ORDER BY GIA DESC
			)

--31. * In ra danh sách 3 khách hàng có doanh số cao nhất (sắp xếp theo kiểu xếp hạng).
SELECT TOP 3 WITH TIES *
FROM KHACHHANG K
ORDER BY DOANHSO DESC

SELECT *
FROM KHACHHANG K1
WHERE 2 >= (SELECT COUNT(DOANHSO) FROM KHACHHANG K2 WHERE K1.DOANHSO<K2.DOANHSO)

--32. Tính tổng số sản phẩm do “Trung Quoc” sản xuất.
SELECT COUNT(MASP) SL
FROM SANPHAM
WHERE NUOCSX = 'Trung Quoc'

--33. Tính tổng số sản phẩm của từng nước sản xuất.
SELECT NUOCSX, COUNT(MASP) SL
FROM SANPHAM
GROUP BY NUOCSX

--34. Với từng nước sản xuất, tìm giá bán cao nhất, thấp nhất, trung bình của các sản phẩm.
SELECT NUOCSX, MAX(GIA) MAXGIA, MIN(GIA) MINGIA, AVG(GIA) AVGGIA
FROM SANPHAM
GROUP BY NUOCSX

--35. Tính doanh thu bán hàng mỗi ngày.
SELECT NGHD, SUM(TRIGIA) TRIGIA
FROM HOADON
GROUP BY NGHD

--36. Tính tổng số lượng của từng sản phẩm bán ra trong tháng 10/2006.
SELECT SP.MASP, SUM(SL) TONGSL
FROM SANPHAM SP JOIN CTHD ON SP.MASP = CTHD.MASP
WHERE SOHD IN (SELECT SOHD FROM HOADON WHERE MONTH(NGHD) = 10 AND YEAR(NGHD) = 2006)
GROUP BY SP.MASP

--37. Tính doanh thu bán hàng của từng tháng trong năm 2006.
SELECT MONTH(NGHD) THANG, SUM(TRIGIA) DOANHTHU
FROM HOADON
WHERE YEAR(NGHD) = 2006
GROUP BY MONTH(NGHD)

--38. Tìm hóa đơn có mua ít nhất 4 sản phẩm khác nhau.
SELECT H.SOHD, COUNT(DISTINCT MASP) SL_SANPHAM
FROM HOADON H JOIN CTHD C ON H.SOHD = C.SOHD
GROUP BY H.SOHD
HAVING COUNT(DISTINCT MASP) >= 4

--39. Tìm hóa đơn có mua 3 sản phẩm do “Viet Nam” sản xuất (3 sản phẩm khác nhau).
SELECT H.SOHD
FROM HOADON H JOIN CTHD C ON H.SOHD = C.SOHD 
WHERE MASP IN (SELECT DISTINCT MASP FROM SANPHAM WHERE NUOCSX = 'Viet Nam')
GROUP BY H.SOHD
HAVING COUNT(DISTINCT MASP) >= 3

--40. Tìm khách hàng (MAKH, HOTEN) có số lần mua hàng nhiều nhất.
SELECT K.MAKH, HOTEN, COUNT(SOHD) SL
FROM KHACHHANG K JOIN HOADON H ON K.MAKH = H.MAKH
GROUP BY K.MAKH, HOTEN
HAVING COUNT(SOHD) >= ALL
				(
				SELECT COUNT(SOHD)
				FROM HOADON H2
				GROUP BY MAKH
				)

--41. Tháng mấy trong năm 2006, doanh số bán hàng cao nhất ?
SELECT MONTH(NGHD) THANG
FROM HOADON H1
WHERE YEAR(NGHD) = 2006
GROUP BY MONTH(NGHD)
HAVING SUM(TRIGIA) >= ALL (
						SELECT SUM(TRIGIA)
						FROM HOADON H2
						WHERE YEAR(NGHD) = 2006
						GROUP BY MONTH(NGHD)
)

--42. Tìm sản phẩm (MASP, TENSP) có tổng số lượng bán ra thấp nhất trong năm 2006.
SELECT SP.MASP, TENSP, SUM(SL) SLBAN
FROM SANPHAM SP JOIN CTHD ON SP.MASP = CTHD.MASP
WHERE SOHD IN (SELECT SOHD FROM HOADON WHERE YEAR(NGHD) = 2006)
GROUP BY SP.MASP, TENSP
HAVING SUM(SL) <= ALL (SELECT SUM(SL)
						FROM CTHD C JOIN HOADON H ON C.SOHD = H.SOHD
						WHERE YEAR(NGHD) = 2006
						GROUP BY MASP
						)

SELECT TOP 1 WITH TIES SANPHAM.MASP, TENSP, SUM(SL) AS TONGSL
FROM HOADON JOIN CTHD ON CTHD.SOHD = HOADON.SOHD JOIN SANPHAM ON CTHD.MASP = SANPHAM.MASP
WHERE YEAR(NGHD)=2006
GROUP BY SANPHAM.MASP, TENSP
ORDER BY SUM(SL)
--43. *Mỗi nước sản xuất, tìm sản phẩm (MASP,TENSP) có giá bán cao nhất.
SELECT NUOCSX, SP.MASP, TENSP, GIA
FROM SANPHAM SP
WHERE GIA = (SELECT MAX(GIA) FROM SANPHAM)

--44. Tìm nước sản xuất sản xuất ít nhất 3 sản phẩm có giá bán khác nhau.
SELECT NUOCSX, COUNT(DISTINCT MASP) SL
FROM SANPHAM
GROUP BY NUOCSX
HAVING COUNT(DISTINCT MASP) >= 3

--45.*Trong 10 khách hàng có doanh số cao nhất, tìm khách hàng có số lần mua hàng nhiều nhất.
SELECT MAKH, COUNT(*) SL, DOANHSO
FROM KHACHHANG K1
WHERE MAKH IN (
	SELECT TOP 10 K2.MAKH
	FROM KHACHHANG K2
	--WHERE K1.MAKH = K2.MAKH
	ORDER BY DOANHSO DESC
)
GROUP BY MAKH, DOANHSO
HAVING COUNT(*) >= ALL (
					SELECT COUNT(*)
					FROM HOADON HD
					WHERE HD.MAKH = K1.MAKH
					)